run,condition,SNR_target,acc_clean,acc_noisy,acc_unet,unet_recovery,snr_in,snr_out_unet,unet_snr_improve
1,traffic,20,87.5,87.5,88.0,0.5,19.991133,21.269009,1.2778759
1,traffic,15,87.5,84.5,87.25,2.75,15.000872,17.906214,2.905342
1,traffic,10,87.5,79.25,88.0,8.75,10.005515,14.307595,4.30208
1,traffic,5,87.5,69.0,83.5,14.5,5.0098953,10.803692,5.7937965
1,traffic,0,87.5,56.25,76.75,20.5,0.02614463,7.602616,7.5764713
1,traffic,-5,87.5,37.5,60.0,22.5,-4.897701,4.86119,9.75889
1,traffic,-10,87.5,18.25,38.5,20.25,-9.613463,2.7649097,12.378373
1,traffic,-15,87.5,7.000000000000001,24.75,17.75,-13.838883,1.2765881,15.115472
1,traffic,-20,87.5,3.5000000000000004,14.75,11.25,-17.295584,0.1809843,17.476568
1,gaussian,20,87.5,86.0,88.5,2.5,19.990967,19.616697,-0.3742695
1,gaussian,15,87.5,80.0,85.0,5.0,15.00092,15.649409,0.648489
1,gaussian,10,87.5,68.75,73.75,5.0,10.005019,11.236648,1.2316284
1,gaussian,5,87.5,51.5,61.25000000000001,9.750000000000007,5.008711,6.5127473,1.5040364
1,gaussian,0,87.5,27.250000000000004,42.5,15.249999999999996,0.019628637,1.8455287,1.8259001
1,gaussian,-5,87.5,9.25,22.75,13.5,-4.924702,-2.603323,2.3213792
1,gaussian,-10,87.5,2.0,11.25,9.25,-9.687774,-6.686984,3.0007896
1,gaussian,-15,87.5,2.0,3.75,1.75,-13.969095,-10.199176,3.7699194
1,gaussian,-20,87.5,2.0,2.0,0.0,-17.448484,-12.960027,4.4884577
1,white,20,87.5,86.5,87.5,1.0,19.990845,19.602207,-0.38863754
1,white,15,87.5,80.25,83.25,3.0,15.000688,15.663139,0.66245174
1,white,10,87.5,68.75,76.5,7.75,10.004577,11.235161,1.2305841
1,white,5,87.5,52.5,61.75000000000001,9.250000000000007,5.0072365,6.5306025,1.523366
1,white,0,87.5,28.249999999999996,44.25,16.000000000000004,0.012399274,1.8346083,1.822209
1,white,-5,87.5,8.75,22.75,14.0,-4.9626427,-2.655802,2.3068407
1,white,-10,87.5,2.25,11.0,8.75,-9.824893,-6.8225665,3.0023265
1,white,-15,87.5,2.0,2.75,0.75,-14.273318,-10.435195,3.8381233
1,white,-20,87.5,2.0,2.25,0.25,-17.858934,-13.260226,4.598708
2,traffic,20,87.5,87.5,88.75,1.25,19.990967,21.268417,1.2774506
2,traffic,15,87.5,85.5,88.5,3.0,15.001035,17.887615,2.8865805
2,traffic,10,87.5,79.75,86.25,6.5,10.005377,14.307021,4.3016443
2,traffic,5,87.5,69.75,82.25,12.5,5.009966,10.811628,5.8016624
2,traffic,0,87.5,55.50000000000001,78.25,22.749999999999993,0.02578503,7.6147556,7.5889707
2,traffic,-5,87.5,35.75,60.5,24.75,-4.898459,4.884382,9.782841
2,traffic,-10,87.5,18.75,40.25,21.5,-9.613521,2.777847,12.391368
2,traffic,-15,87.5,6.0,24.5,18.5,-13.83906,1.3041365,15.143196
2,traffic,-20,87.5,3.0,13.750000000000002,10.750000000000002,-17.2956,0.16636261,17.461964
2,gaussian,20,87.5,85.0,86.5,1.5,19.990932,19.5992,-0.39173317
2,gaussian,15,87.5,80.0,85.0,5.0,15.000893,15.666832,0.66593933
2,gaussian,10,87.5,69.75,75.0,5.25,10.005034,11.238064,1.2330294
2,gaussian,5,87.5,52.5,61.75000000000001,9.250000000000007,5.00861,6.543861,1.5352511
2,gaussian,0,87.5,28.499999999999996,42.5,14.000000000000004,0.019419862,1.8542894,1.8348695
2,gaussian,-5,87.5,9.5,22.0,12.5,-4.9246798,-2.6197424,2.3049374
2,gaussian,-10,87.5,2.0,12.0,10.0,-9.687915,-6.6754503,3.0124645
2,gaussian,-15,87.5,2.0,4.0,2.0,-13.968999,-10.230027,3.7389717
2,gaussian,-20,87.5,2.0,2.0,0.0,-17.448376,-12.960955,4.487421
2,white,20,87.5,85.5,87.75,2.25,19.990852,19.609482,-0.38137054
2,white,15,87.5,80.5,84.5,4.0,15.000684,15.677835,0.6771517
2,white,10,87.5,69.5,76.75,7.25,10.004604,11.221483,1.2168789
2,white,5,87.5,53.25,61.75000000000001,8.500000000000007,5.007216,6.5088134,1.5015974
2,white,0,87.5,28.749999999999996,43.5,14.750000000000004,0.0123517,1.825093,1.8127413
2,white,-5,87.5,8.75,26.25,17.5,-4.962615,-2.622819,2.339796
2,white,-10,87.5,2.25,12.0,9.75,-9.824703,-6.7914577,3.0332456
2,white,-15,87.5,2.0,3.75,1.75,-14.273275,-10.4257345,3.8475409
2,white,-20,87.5,2.0,2.25,0.25,-17.85915,-13.243638,4.615512
3,traffic,20,87.5,88.5,89.25,0.75,19.990799,21.287361,1.2965622
3,traffic,15,87.5,85.0,87.5,2.5,15.000959,17.89078,2.88982
3,traffic,10,87.5,79.5,86.75,7.25,10.005322,14.312331,4.3070087
3,traffic,5,87.5,69.0,82.5,13.5,5.0099163,10.814165,5.804249
3,traffic,0,87.5,56.00000000000001,75.5,19.499999999999993,0.025814004,7.6384277,7.6126137
3,traffic,-5,87.5,36.25,61.5,25.25,-4.898512,4.8679833,9.766495
3,traffic,-10,87.5,19.25,42.25,23.0,-9.613572,2.7741632,12.387735
3,traffic,-15,87.5,7.249999999999999,25.5,18.25,-13.83927,1.289564,15.128834
3,traffic,-20,87.5,3.0,12.75,9.75,-17.295452,0.18609604,17.481548
3,gaussian,20,87.5,85.25,86.75,1.5,19.990955,19.605473,-0.3854828
3,gaussian,15,87.5,79.0,83.75,4.75,15.000923,15.652297,0.65137386
3,gaussian,10,87.5,69.0,78.0,9.0,10.005081,11.229999,1.2249174
3,gaussian,5,87.5,53.0,62.25000000000001,9.250000000000007,5.008686,6.5205603,1.5118742
3,gaussian,0,87.5,28.000000000000004,42.0,13.999999999999996,0.019503552,1.8599265,1.8404229
3,gaussian,-5,87.5,8.5,24.75,16.25,-4.924828,-2.6117184,2.3131096
3,gaussian,-10,87.5,2.0,12.0,10.0,-9.687957,-6.691681,2.996276
3,gaussian,-15,87.5,2.0,3.5000000000000004,1.5000000000000004,-13.968965,-10.178308,3.790657
3,gaussian,-20,87.5,2.0,2.0,0.0,-17.448538,-12.958801,4.4897366
3,white,20,87.5,85.75,88.25,2.5,19.990826,19.61391,-0.37691498
3,white,15,87.5,79.75,84.75,5.0,15.000685,15.663806,0.6631212
3,white,10,87.5,69.0,76.5,7.5,10.004594,11.227335,1.2227411
3,white,5,87.5,52.25,62.74999999999999,10.499999999999993,5.00723,6.5126324,1.5054026
3,white,0,87.5,28.000000000000004,42.0,13.999999999999996,0.012297868,1.8393842,1.8270863
3,white,-5,87.5,8.5,25.75,17.25,-4.9627104,-2.6313381,2.3313723
3,white,-10,87.5,2.0,11.0,9.0,-9.824914,-6.8039575,3.0209565
3,white,-15,87.5,2.0,1.7500000000000002,-0.24999999999999978,-14.273477,-10.44366,3.8298168
3,white,-20,87.5,2.0,2.25,0.25,-17.859253,-13.244568,4.614685
4,traffic,20,87.5,88.0,89.0,1.0,19.990946,21.265291,1.2743454
4,traffic,15,87.5,84.5,88.0,3.5,15.000872,17.910378,2.9095058
4,traffic,10,87.5,79.5,87.75,8.25,10.005481,14.327503,4.3220224
4,traffic,5,87.5,69.5,84.25,14.75,5.0100155,10.83154,5.8215246
4,traffic,0,87.5,55.75,75.5,19.75,0.026057653,7.6260905,7.600033
4,traffic,-5,87.5,36.5,61.0,24.5,-4.8987727,4.8879538,9.786726
4,traffic,-10,87.5,18.0,38.75,20.75,-9.613726,2.7511356,12.3648615
4,traffic,-15,87.5,6.75,24.75,18.0,-13.839529,1.3163165,15.155846
4,traffic,-20,87.5,3.25,14.249999999999998,10.999999999999998,-17.295511,0.124410965,17.419922
4,gaussian,20,87.5,85.0,87.0,2.0,19.990946,19.614092,-0.37685394
4,gaussian,15,87.5,80.25,85.75,5.5,15.000877,15.667591,0.6667137
4,gaussian,10,87.5,69.0,76.5,7.5,10.005108,11.215009,1.2099009
4,gaussian,5,87.5,52.75,60.75000000000001,8.000000000000007,5.008737,6.522343,1.5136061
4,gaussian,0,87.5,27.750000000000004,43.75,15.999999999999996,0.019493062,1.8591943,1.8397012
4,gaussian,-5,87.5,8.75,24.5,15.75,-4.9247756,-2.6200564,2.3047192
4,gaussian,-10,87.5,2.5,12.0,9.5,-9.687937,-6.6913342,2.9966025
4,gaussian,-15,87.5,2.0,3.25,1.25,-13.969409,-10.200583,3.7688255
4,gaussian,-20,87.5,2.0,2.0,0.0,-17.44827,-12.945917,4.5023537
4,white,20,87.5,86.0,87.5,1.5,19.99086,19.614792,-0.37606812
4,white,15,87.5,79.5,83.75,4.25,15.000674,15.661465,0.66079044
4,white,10,87.5,68.5,75.5,7.0,10.004577,11.233518,1.228941
4,white,5,87.5,51.74999999999999,63.0,11.250000000000007,5.007274,6.5212097,1.5139356
4,white,0,87.5,28.999999999999996,45.0,16.000000000000004,0.012413916,1.8426114,1.8301976
4,white,-5,87.5,9.0,23.5,14.5,-4.9625764,-2.6593726,2.3032038
4,white,-10,87.5,2.0,11.25,9.25,-9.82491,-6.7868176,3.0380926
4,white,-15,87.5,2.0,3.5000000000000004,1.5000000000000004,-14.273369,-10.432387,3.8409815
4,white,-20,87.5,2.0,2.25,0.25,-17.859236,-13.228889,4.6303463
5,traffic,20,87.5,88.25,87.5,-0.75,19.990967,21.268204,1.2772369
5,traffic,15,87.5,84.25,88.0,3.75,15.000956,17.879406,2.8784504
5,traffic,10,87.5,78.25,87.25,9.0,10.005509,14.315424,4.3099146
5,traffic,5,87.5,68.5,83.25,14.75,5.009755,10.820983,5.811228
5,traffic,0,87.5,54.25,75.5,21.25,0.026048096,7.601016,7.574968
5,traffic,-5,87.5,37.25,61.75000000000001,24.500000000000007,-4.8982744,4.8738165,9.772091
5,traffic,-10,87.5,19.0,41.0,22.0,-9.613527,2.7311726,12.3447
5,traffic,-15,87.5,6.25,25.25,19.0,-13.8400545,1.2464225,15.086477
5,traffic,-20,87.5,2.5,13.5,11.0,-17.294985,0.17660713,17.471592
5,gaussian,20,87.5,85.5,87.25,1.75,19.990932,19.610865,-0.38006783
5,gaussian,15,87.5,80.5,85.0,4.5,15.000869,15.659676,0.6588068
5,gaussian,10,87.5,68.5,75.0,6.5,10.00501,11.221326,1.2163162
5,gaussian,5,87.5,51.74999999999999,61.25000000000001,9.500000000000014,5.0087013,6.531435,1.5227337
5,gaussian,0,87.5,28.999999999999996,44.75,15.750000000000004,0.019414073,1.8574126,1.8379985
5,gaussian,-5,87.5,8.5,22.5,14.0,-4.9246716,-2.6113524,2.3133192
5,gaussian,-10,87.5,2.25,11.5,9.25,-9.687845,-6.6999536,2.9878917
5,gaussian,-15,87.5,2.0,2.25,0.25,-13.96915,-10.180645,3.7885046
5,gaussian,-20,87.5,2.0,2.25,0.25,-17.448736,-12.933732,4.515004
5,white,20,87.5,86.25,87.5,1.25,19.990864,19.63105,-0.3598137
5,white,15,87.5,80.25,84.5,4.25,15.000683,15.675563,0.67488
5,white,10,87.5,68.75,76.25,7.5,10.004574,11.229713,1.2251396
5,white,5,87.5,53.25,61.0,7.75,5.007266,6.524373,1.517107
5,white,0,87.5,28.999999999999996,39.5,10.500000000000004,0.012370932,1.834179,1.8218081
5,white,-5,87.5,8.5,23.75,15.25,-4.9625607,-2.6321259,2.3304348
5,white,-10,87.5,2.0,11.75,9.75,-9.824924,-6.8409486,2.983976
5,white,-15,87.5,2.0,2.75,0.75,-14.273428,-10.451641,3.8217869
5,white,-20,87.5,2.0,2.0,0.0,-17.85929,-13.291138,4.5681515
